--
-- PostgreSQL database dump
--

-- Dumped from database version 14.13 (Ubuntu 14.13-0ubuntu0.22.04.1)
-- Dumped by pg_dump version 14.13 (Ubuntu 14.13-0ubuntu0.22.04.1)

-- Started on 2024-08-28 10:18:58 -04

SET statement_timeout = 0;
SET lock_timeout = 0;
SET idle_in_transaction_session_timeout = 0;
SET client_encoding = 'UTF8';
SET standard_conforming_strings = on;
SELECT pg_catalog.set_config('search_path', '', false);
SET check_function_bodies = false;
SET xmloption = content;
SET client_min_messages = warning;
SET row_security = off;

SET default_tablespace = '';

SET default_table_access_method = heap;

--
-- TOC entry 209 (class 1259 OID 16387)
-- Name: categoria; Type: TABLE; Schema: public; Owner: postgres
--

CREATE TABLE public.categoria (
    id integer NOT NULL,
    descricao character varying(100),
    imagem character varying(50)
);


ALTER TABLE public.categoria OWNER TO postgres;

--
-- TOC entry 210 (class 1259 OID 16390)
-- Name: categoria_id_seq; Type: SEQUENCE; Schema: public; Owner: postgres
--

CREATE SEQUENCE public.categoria_id_seq
    AS integer
    START WITH 1
    INCREMENT BY 1
    NO MINVALUE
    NO MAXVALUE
    CACHE 1;


ALTER TABLE public.categoria_id_seq OWNER TO postgres;

--
-- TOC entry 3474 (class 0 OID 0)
-- Dependencies: 210
-- Name: categoria_id_seq; Type: SEQUENCE OWNED BY; Schema: public; Owner: postgres
--

ALTER SEQUENCE public.categoria_id_seq OWNED BY public.categoria.id;


--
-- TOC entry 215 (class 1259 OID 16667)
-- Name: cliente; Type: TABLE; Schema: public; Owner: postgres
--

CREATE TABLE public.cliente (
    id integer NOT NULL,
    nome character varying(100)
);


ALTER TABLE public.cliente OWNER TO postgres;

--
-- TOC entry 216 (class 1259 OID 16670)
-- Name: cliente_id_seq; Type: SEQUENCE; Schema: public; Owner: postgres
--

CREATE SEQUENCE public.cliente_id_seq
    AS integer
    START WITH 1
    INCREMENT BY 1
    NO MINVALUE
    NO MAXVALUE
    CACHE 1;


ALTER TABLE public.cliente_id_seq OWNER TO postgres;

--
-- TOC entry 3475 (class 0 OID 0)
-- Dependencies: 216
-- Name: cliente_id_seq; Type: SEQUENCE OWNED BY; Schema: public; Owner: postgres
--

ALTER SEQUENCE public.cliente_id_seq OWNED BY public.cliente.id;


--
-- TOC entry 229 (class 1259 OID 16808)
-- Name: failed_jobs; Type: TABLE; Schema: public; Owner: postgres
--

CREATE TABLE public.failed_jobs (
    id bigint NOT NULL,
    uuid character varying(255) NOT NULL,
    connection text NOT NULL,
    queue text NOT NULL,
    payload text NOT NULL,
    exception text NOT NULL,
    failed_at timestamp(0) without time zone DEFAULT CURRENT_TIMESTAMP NOT NULL
);


ALTER TABLE public.failed_jobs OWNER TO postgres;

--
-- TOC entry 228 (class 1259 OID 16807)
-- Name: failed_jobs_id_seq; Type: SEQUENCE; Schema: public; Owner: postgres
--

CREATE SEQUENCE public.failed_jobs_id_seq
    START WITH 1
    INCREMENT BY 1
    NO MINVALUE
    NO MAXVALUE
    CACHE 1;


ALTER TABLE public.failed_jobs_id_seq OWNER TO postgres;

--
-- TOC entry 3476 (class 0 OID 0)
-- Dependencies: 228
-- Name: failed_jobs_id_seq; Type: SEQUENCE OWNED BY; Schema: public; Owner: postgres
--

ALTER SEQUENCE public.failed_jobs_id_seq OWNED BY public.failed_jobs.id;


--
-- TOC entry 217 (class 1259 OID 16671)
-- Name: item_venda; Type: TABLE; Schema: public; Owner: postgres
--

CREATE TABLE public.item_venda (
    id integer NOT NULL,
    produto_id integer,
    venda_id integer,
    quantidade integer,
    valor_unitario numeric(10,2),
    valor_total numeric(10,2)
);


ALTER TABLE public.item_venda OWNER TO postgres;

--
-- TOC entry 218 (class 1259 OID 16674)
-- Name: item_venda_id_seq; Type: SEQUENCE; Schema: public; Owner: postgres
--

CREATE SEQUENCE public.item_venda_id_seq
    AS integer
    START WITH 1
    INCREMENT BY 1
    NO MINVALUE
    NO MAXVALUE
    CACHE 1;


ALTER TABLE public.item_venda_id_seq OWNER TO postgres;

--
-- TOC entry 3477 (class 0 OID 0)
-- Dependencies: 218
-- Name: item_venda_id_seq; Type: SEQUENCE OWNED BY; Schema: public; Owner: postgres
--

ALTER SEQUENCE public.item_venda_id_seq OWNED BY public.item_venda.id;


--
-- TOC entry 224 (class 1259 OID 16783)
-- Name: migrations; Type: TABLE; Schema: public; Owner: postgres
--

CREATE TABLE public.migrations (
    id integer NOT NULL,
    migration character varying(255) NOT NULL,
    batch integer NOT NULL
);


ALTER TABLE public.migrations OWNER TO postgres;

--
-- TOC entry 223 (class 1259 OID 16782)
-- Name: migrations_id_seq; Type: SEQUENCE; Schema: public; Owner: postgres
--

CREATE SEQUENCE public.migrations_id_seq
    AS integer
    START WITH 1
    INCREMENT BY 1
    NO MINVALUE
    NO MAXVALUE
    CACHE 1;


ALTER TABLE public.migrations_id_seq OWNER TO postgres;

--
-- TOC entry 3478 (class 0 OID 0)
-- Dependencies: 223
-- Name: migrations_id_seq; Type: SEQUENCE OWNED BY; Schema: public; Owner: postgres
--

ALTER SEQUENCE public.migrations_id_seq OWNED BY public.migrations.id;


--
-- TOC entry 211 (class 1259 OID 16391)
-- Name: noticia; Type: TABLE; Schema: public; Owner: postgres
--

CREATE TABLE public.noticia (
    id integer NOT NULL,
    data date,
    autor character varying(100),
    titulo character varying(100),
    descricao character varying,
    categoria_id integer,
    imagem character varying(50)
);


ALTER TABLE public.noticia OWNER TO postgres;

--
-- TOC entry 212 (class 1259 OID 16396)
-- Name: noticia_id_seq; Type: SEQUENCE; Schema: public; Owner: postgres
--

CREATE SEQUENCE public.noticia_id_seq
    AS integer
    START WITH 1
    INCREMENT BY 1
    NO MINVALUE
    NO MAXVALUE
    CACHE 1;


ALTER TABLE public.noticia_id_seq OWNER TO postgres;

--
-- TOC entry 3479 (class 0 OID 0)
-- Dependencies: 212
-- Name: noticia_id_seq; Type: SEQUENCE OWNED BY; Schema: public; Owner: postgres
--

ALTER SEQUENCE public.noticia_id_seq OWNED BY public.noticia.id;


--
-- TOC entry 227 (class 1259 OID 16800)
-- Name: password_reset_tokens; Type: TABLE; Schema: public; Owner: postgres
--

CREATE TABLE public.password_reset_tokens (
    email character varying(255) NOT NULL,
    token character varying(255) NOT NULL,
    created_at timestamp(0) without time zone
);


ALTER TABLE public.password_reset_tokens OWNER TO postgres;

--
-- TOC entry 231 (class 1259 OID 16820)
-- Name: personal_access_tokens; Type: TABLE; Schema: public; Owner: postgres
--

CREATE TABLE public.personal_access_tokens (
    id bigint NOT NULL,
    tokenable_type character varying(255) NOT NULL,
    tokenable_id bigint NOT NULL,
    name character varying(255) NOT NULL,
    token character varying(64) NOT NULL,
    abilities text,
    last_used_at timestamp(0) without time zone,
    expires_at timestamp(0) without time zone,
    created_at timestamp(0) without time zone,
    updated_at timestamp(0) without time zone
);


ALTER TABLE public.personal_access_tokens OWNER TO postgres;

--
-- TOC entry 230 (class 1259 OID 16819)
-- Name: personal_access_tokens_id_seq; Type: SEQUENCE; Schema: public; Owner: postgres
--

CREATE SEQUENCE public.personal_access_tokens_id_seq
    START WITH 1
    INCREMENT BY 1
    NO MINVALUE
    NO MAXVALUE
    CACHE 1;


ALTER TABLE public.personal_access_tokens_id_seq OWNER TO postgres;

--
-- TOC entry 3480 (class 0 OID 0)
-- Dependencies: 230
-- Name: personal_access_tokens_id_seq; Type: SEQUENCE OWNED BY; Schema: public; Owner: postgres
--

ALTER SEQUENCE public.personal_access_tokens_id_seq OWNED BY public.personal_access_tokens.id;


--
-- TOC entry 219 (class 1259 OID 16675)
-- Name: produto; Type: TABLE; Schema: public; Owner: postgres
--

CREATE TABLE public.produto (
    id integer NOT NULL,
    descricao character varying(100),
    valor numeric(10,2)
);


ALTER TABLE public.produto OWNER TO postgres;

--
-- TOC entry 220 (class 1259 OID 16678)
-- Name: produto_id_seq; Type: SEQUENCE; Schema: public; Owner: postgres
--

CREATE SEQUENCE public.produto_id_seq
    AS integer
    START WITH 1
    INCREMENT BY 1
    NO MINVALUE
    NO MAXVALUE
    CACHE 1;


ALTER TABLE public.produto_id_seq OWNER TO postgres;

--
-- TOC entry 3481 (class 0 OID 0)
-- Dependencies: 220
-- Name: produto_id_seq; Type: SEQUENCE OWNED BY; Schema: public; Owner: postgres
--

ALTER SEQUENCE public.produto_id_seq OWNED BY public.produto.id;


--
-- TOC entry 226 (class 1259 OID 16790)
-- Name: users; Type: TABLE; Schema: public; Owner: postgres
--

CREATE TABLE public.users (
    id bigint NOT NULL,
    name character varying(255) NOT NULL,
    email character varying(255) NOT NULL,
    email_verified_at timestamp(0) without time zone,
    password character varying(255) NOT NULL,
    remember_token character varying(100),
    created_at timestamp(0) without time zone,
    updated_at timestamp(0) without time zone
);


ALTER TABLE public.users OWNER TO postgres;

--
-- TOC entry 225 (class 1259 OID 16789)
-- Name: users_id_seq; Type: SEQUENCE; Schema: public; Owner: postgres
--

CREATE SEQUENCE public.users_id_seq
    START WITH 1
    INCREMENT BY 1
    NO MINVALUE
    NO MAXVALUE
    CACHE 1;


ALTER TABLE public.users_id_seq OWNER TO postgres;

--
-- TOC entry 3482 (class 0 OID 0)
-- Dependencies: 225
-- Name: users_id_seq; Type: SEQUENCE OWNED BY; Schema: public; Owner: postgres
--

ALTER SEQUENCE public.users_id_seq OWNED BY public.users.id;


--
-- TOC entry 213 (class 1259 OID 16397)
-- Name: usuario; Type: TABLE; Schema: public; Owner: postgres
--

CREATE TABLE public.usuario (
    id integer NOT NULL,
    email character varying,
    senha character varying
);


ALTER TABLE public.usuario OWNER TO postgres;

--
-- TOC entry 214 (class 1259 OID 16402)
-- Name: usuario_id_seq; Type: SEQUENCE; Schema: public; Owner: postgres
--

CREATE SEQUENCE public.usuario_id_seq
    AS integer
    START WITH 1
    INCREMENT BY 1
    NO MINVALUE
    NO MAXVALUE
    CACHE 1;


ALTER TABLE public.usuario_id_seq OWNER TO postgres;

--
-- TOC entry 3483 (class 0 OID 0)
-- Dependencies: 214
-- Name: usuario_id_seq; Type: SEQUENCE OWNED BY; Schema: public; Owner: postgres
--

ALTER SEQUENCE public.usuario_id_seq OWNED BY public.usuario.id;


--
-- TOC entry 221 (class 1259 OID 16679)
-- Name: venda; Type: TABLE; Schema: public; Owner: postgres
--

CREATE TABLE public.venda (
    id integer NOT NULL,
    documento character varying(100),
    data date,
    valor numeric(10,2),
    forma_pagamento character varying(100),
    cliente_id integer
);


ALTER TABLE public.venda OWNER TO postgres;

--
-- TOC entry 222 (class 1259 OID 16682)
-- Name: venda_id_seq; Type: SEQUENCE; Schema: public; Owner: postgres
--

CREATE SEQUENCE public.venda_id_seq
    AS integer
    START WITH 1
    INCREMENT BY 1
    NO MINVALUE
    NO MAXVALUE
    CACHE 1;


ALTER TABLE public.venda_id_seq OWNER TO postgres;

--
-- TOC entry 3484 (class 0 OID 0)
-- Dependencies: 222
-- Name: venda_id_seq; Type: SEQUENCE OWNED BY; Schema: public; Owner: postgres
--

ALTER SEQUENCE public.venda_id_seq OWNED BY public.venda.id;


--
-- TOC entry 3263 (class 2604 OID 16403)
-- Name: categoria id; Type: DEFAULT; Schema: public; Owner: postgres
--

ALTER TABLE ONLY public.categoria ALTER COLUMN id SET DEFAULT nextval('public.categoria_id_seq'::regclass);


--
-- TOC entry 3266 (class 2604 OID 16683)
-- Name: cliente id; Type: DEFAULT; Schema: public; Owner: postgres
--

ALTER TABLE ONLY public.cliente ALTER COLUMN id SET DEFAULT nextval('public.cliente_id_seq'::regclass);


--
-- TOC entry 3272 (class 2604 OID 16811)
-- Name: failed_jobs id; Type: DEFAULT; Schema: public; Owner: postgres
--

ALTER TABLE ONLY public.failed_jobs ALTER COLUMN id SET DEFAULT nextval('public.failed_jobs_id_seq'::regclass);


--
-- TOC entry 3267 (class 2604 OID 16684)
-- Name: item_venda id; Type: DEFAULT; Schema: public; Owner: postgres
--

ALTER TABLE ONLY public.item_venda ALTER COLUMN id SET DEFAULT nextval('public.item_venda_id_seq'::regclass);


--
-- TOC entry 3270 (class 2604 OID 16786)
-- Name: migrations id; Type: DEFAULT; Schema: public; Owner: postgres
--

ALTER TABLE ONLY public.migrations ALTER COLUMN id SET DEFAULT nextval('public.migrations_id_seq'::regclass);


--
-- TOC entry 3264 (class 2604 OID 16404)
-- Name: noticia id; Type: DEFAULT; Schema: public; Owner: postgres
--

ALTER TABLE ONLY public.noticia ALTER COLUMN id SET DEFAULT nextval('public.noticia_id_seq'::regclass);


--
-- TOC entry 3274 (class 2604 OID 16823)
-- Name: personal_access_tokens id; Type: DEFAULT; Schema: public; Owner: postgres
--

ALTER TABLE ONLY public.personal_access_tokens ALTER COLUMN id SET DEFAULT nextval('public.personal_access_tokens_id_seq'::regclass);


--
-- TOC entry 3268 (class 2604 OID 16685)
-- Name: produto id; Type: DEFAULT; Schema: public; Owner: postgres
--

ALTER TABLE ONLY public.produto ALTER COLUMN id SET DEFAULT nextval('public.produto_id_seq'::regclass);


--
-- TOC entry 3271 (class 2604 OID 16793)
-- Name: users id; Type: DEFAULT; Schema: public; Owner: postgres
--

ALTER TABLE ONLY public.users ALTER COLUMN id SET DEFAULT nextval('public.users_id_seq'::regclass);


--
-- TOC entry 3265 (class 2604 OID 16405)
-- Name: usuario id; Type: DEFAULT; Schema: public; Owner: postgres
--

ALTER TABLE ONLY public.usuario ALTER COLUMN id SET DEFAULT nextval('public.usuario_id_seq'::regclass);


--
-- TOC entry 3269 (class 2604 OID 16686)
-- Name: venda id; Type: DEFAULT; Schema: public; Owner: postgres
--

ALTER TABLE ONLY public.venda ALTER COLUMN id SET DEFAULT nextval('public.venda_id_seq'::regclass);


--
-- TOC entry 3446 (class 0 OID 16387)
-- Dependencies: 209
-- Data for Name: categoria; Type: TABLE DATA; Schema: public; Owner: postgres
--

INSERT INTO public.categoria VALUES (17, 'Bem Estar e Saúde', NULL);
INSERT INTO public.categoria VALUES (16, 'Negocios e Empreendimentos', NULL);
INSERT INTO public.categoria VALUES (4, 'Economia e Finanças', NULL);
INSERT INTO public.categoria VALUES (1, 'Cultura e Entretenimento', NULL);
INSERT INTO public.categoria VALUES (14, 'Esporte Espetacular', 'ckG3vbz6jybW8HdTqtpxc5zMcfFji4SzZaA7GbuW.png');


--
-- TOC entry 3452 (class 0 OID 16667)
-- Dependencies: 215
-- Data for Name: cliente; Type: TABLE DATA; Schema: public; Owner: postgres
--

INSERT INTO public.cliente VALUES (1, 'Antonio');
INSERT INTO public.cliente VALUES (2, 'Bernardo');
INSERT INTO public.cliente VALUES (3, 'Cleber');
INSERT INTO public.cliente VALUES (4, 'Douglas');
INSERT INTO public.cliente VALUES (5, 'Eugenio');
INSERT INTO public.cliente VALUES (6, 'Francisco');


--
-- TOC entry 3466 (class 0 OID 16808)
-- Dependencies: 229
-- Data for Name: failed_jobs; Type: TABLE DATA; Schema: public; Owner: postgres
--



--
-- TOC entry 3454 (class 0 OID 16671)
-- Dependencies: 217
-- Data for Name: item_venda; Type: TABLE DATA; Schema: public; Owner: postgres
--

INSERT INTO public.item_venda VALUES (229, 1, 19, 1, 5.00, 5.00);
INSERT INTO public.item_venda VALUES (230, 6, 19, 1, 8.20, 8.20);
INSERT INTO public.item_venda VALUES (231, 4, 20, 2, 9.00, 18.00);
INSERT INTO public.item_venda VALUES (232, 7, 21, 2, 15.00, 30.00);
INSERT INTO public.item_venda VALUES (233, 4, 21, 2, 9.00, 18.00);
INSERT INTO public.item_venda VALUES (234, 5, 22, 1, 4.00, 4.00);
INSERT INTO public.item_venda VALUES (235, 4, 22, 1, 9.00, 9.00);


--
-- TOC entry 3461 (class 0 OID 16783)
-- Dependencies: 224
-- Data for Name: migrations; Type: TABLE DATA; Schema: public; Owner: postgres
--

INSERT INTO public.migrations VALUES (1, '2014_10_12_000000_create_users_table', 1);
INSERT INTO public.migrations VALUES (2, '2014_10_12_100000_create_password_reset_tokens_table', 1);
INSERT INTO public.migrations VALUES (3, '2019_08_19_000000_create_failed_jobs_table', 1);
INSERT INTO public.migrations VALUES (4, '2019_12_14_000001_create_personal_access_tokens_table', 1);


--
-- TOC entry 3448 (class 0 OID 16391)
-- Dependencies: 211
-- Data for Name: noticia; Type: TABLE DATA; Schema: public; Owner: postgres
--

INSERT INTO public.noticia VALUES (13, '2024-03-13', 'Miriam Leitão', 'Dolar cai', 'Preço do dolar atinge menor patamar', 4, NULL);
INSERT INTO public.noticia VALUES (10, '2024-03-12', 'teste', 'teste', 'teste', 4, NULL);
INSERT INTO public.noticia VALUES (12, '2024-03-13', 'teste 12', 'teste 12', 'teste 12', 1, NULL);
INSERT INTO public.noticia VALUES (8, '2024-03-05', 'Dr. Drauzio Varela', 'vacina de Dengue', 'Para crianças entre 4 e 10 anos, a vacina de dengue está disponivel em toda a rede de saúde municipal. procure o seu posto mais próximo.', 17, NULL);
INSERT INTO public.noticia VALUES (16, '2024-07-31', 'Daiane dos Santos', 'Bronze na categoria Ginastica Olimpica', 'O grupo liderado por Rebecca Andrade conquistou nesta data a medalha de bronze na categoria de Ginastica Olimpica por equipe. Esta é a primeira medalha para o Brasil nesta categoria. Parabéns a todas as atletas que fizeram possível este acontecimento.', 14, NULL);
INSERT INTO public.noticia VALUES (4, '2024-08-13', 'Samanta Alves', 'São Paulo é campeão da Copa de Tudo', 'Após um pequeno período sem títulos, São Paulo ganha mais um título. Viva o papa copas', 14, 'IrfoS8oG4d9CCfVLnACYLaohMEFqpDksgp1z8NzA.png');
INSERT INTO public.noticia VALUES (15, '2020-01-31', 'Sandra Annenberg', 'Pantanal pega fogo há vários dias', 'Neste inverno, o pantanal sulmatogrossense está sendo castigado por várias queimadas que está causando danos na natureza.', 1, 'YkekEYxb2F3qsCCdu4NI5Kbv54apF0U7S16vJnDj.png');


--
-- TOC entry 3464 (class 0 OID 16800)
-- Dependencies: 227
-- Data for Name: password_reset_tokens; Type: TABLE DATA; Schema: public; Owner: postgres
--



--
-- TOC entry 3468 (class 0 OID 16820)
-- Dependencies: 231
-- Data for Name: personal_access_tokens; Type: TABLE DATA; Schema: public; Owner: postgres
--



--
-- TOC entry 3456 (class 0 OID 16675)
-- Dependencies: 219
-- Data for Name: produto; Type: TABLE DATA; Schema: public; Owner: postgres
--

INSERT INTO public.produto VALUES (1, 'Alface', 5.00);
INSERT INTO public.produto VALUES (2, 'Bolo', 8.50);
INSERT INTO public.produto VALUES (3, 'Cafe', 7.35);
INSERT INTO public.produto VALUES (4, 'Doce Leite', 9.00);
INSERT INTO public.produto VALUES (5, 'Ervilha', 4.00);
INSERT INTO public.produto VALUES (6, 'Feijão', 8.20);
INSERT INTO public.produto VALUES (7, 'Goiabada', 15.00);
INSERT INTO public.produto VALUES (8, 'Limao', 10.00);


--
-- TOC entry 3463 (class 0 OID 16790)
-- Dependencies: 226
-- Data for Name: users; Type: TABLE DATA; Schema: public; Owner: postgres
--

INSERT INTO public.users VALUES (1, 'Administrador', 'admin@gmail.com', NULL, '$2y$12$rwsgFTkOwluPiJP1U9TpMuWB37yLw6jKvt.yAmVUOzFpnF6SHXlO6', NULL, '2024-08-28 13:56:32', '2024-08-28 13:56:32');


--
-- TOC entry 3450 (class 0 OID 16397)
-- Dependencies: 213
-- Data for Name: usuario; Type: TABLE DATA; Schema: public; Owner: postgres
--

INSERT INTO public.usuario VALUES (1, 'admin@gmail.com', '12345');


--
-- TOC entry 3458 (class 0 OID 16679)
-- Dependencies: 221
-- Data for Name: venda; Type: TABLE DATA; Schema: public; Owner: postgres
--

INSERT INTO public.venda VALUES (19, '1212', '2024-08-27', 13.20, 'teste', 3);
INSERT INTO public.venda VALUES (20, '2708', '2024-08-27', 18.00, '30 dias', 2);
INSERT INTO public.venda VALUES (21, '2708b', '2024-08-27', 48.00, 'a vista', 5);
INSERT INTO public.venda VALUES (22, 'venda2808', '2024-08-28', 13.00, 'a visa', 1);


--
-- TOC entry 3485 (class 0 OID 0)
-- Dependencies: 210
-- Name: categoria_id_seq; Type: SEQUENCE SET; Schema: public; Owner: postgres
--

SELECT pg_catalog.setval('public.categoria_id_seq', 18, true);


--
-- TOC entry 3486 (class 0 OID 0)
-- Dependencies: 216
-- Name: cliente_id_seq; Type: SEQUENCE SET; Schema: public; Owner: postgres
--

SELECT pg_catalog.setval('public.cliente_id_seq', 6, true);


--
-- TOC entry 3487 (class 0 OID 0)
-- Dependencies: 228
-- Name: failed_jobs_id_seq; Type: SEQUENCE SET; Schema: public; Owner: postgres
--

SELECT pg_catalog.setval('public.failed_jobs_id_seq', 1, false);


--
-- TOC entry 3488 (class 0 OID 0)
-- Dependencies: 218
-- Name: item_venda_id_seq; Type: SEQUENCE SET; Schema: public; Owner: postgres
--

SELECT pg_catalog.setval('public.item_venda_id_seq', 235, true);


--
-- TOC entry 3489 (class 0 OID 0)
-- Dependencies: 223
-- Name: migrations_id_seq; Type: SEQUENCE SET; Schema: public; Owner: postgres
--

SELECT pg_catalog.setval('public.migrations_id_seq', 4, true);


--
-- TOC entry 3490 (class 0 OID 0)
-- Dependencies: 212
-- Name: noticia_id_seq; Type: SEQUENCE SET; Schema: public; Owner: postgres
--

SELECT pg_catalog.setval('public.noticia_id_seq', 17, true);


--
-- TOC entry 3491 (class 0 OID 0)
-- Dependencies: 230
-- Name: personal_access_tokens_id_seq; Type: SEQUENCE SET; Schema: public; Owner: postgres
--

SELECT pg_catalog.setval('public.personal_access_tokens_id_seq', 1, false);


--
-- TOC entry 3492 (class 0 OID 0)
-- Dependencies: 220
-- Name: produto_id_seq; Type: SEQUENCE SET; Schema: public; Owner: postgres
--

SELECT pg_catalog.setval('public.produto_id_seq', 8, true);


--
-- TOC entry 3493 (class 0 OID 0)
-- Dependencies: 225
-- Name: users_id_seq; Type: SEQUENCE SET; Schema: public; Owner: postgres
--

SELECT pg_catalog.setval('public.users_id_seq', 1, true);


--
-- TOC entry 3494 (class 0 OID 0)
-- Dependencies: 214
-- Name: usuario_id_seq; Type: SEQUENCE SET; Schema: public; Owner: postgres
--

SELECT pg_catalog.setval('public.usuario_id_seq', 1, true);


--
-- TOC entry 3495 (class 0 OID 0)
-- Dependencies: 222
-- Name: venda_id_seq; Type: SEQUENCE SET; Schema: public; Owner: postgres
--

SELECT pg_catalog.setval('public.venda_id_seq', 22, true);


--
-- TOC entry 3276 (class 2606 OID 16407)
-- Name: categoria categoria_pkey; Type: CONSTRAINT; Schema: public; Owner: postgres
--

ALTER TABLE ONLY public.categoria
    ADD CONSTRAINT categoria_pkey PRIMARY KEY (id);


--
-- TOC entry 3282 (class 2606 OID 16688)
-- Name: cliente cliente_pkey; Type: CONSTRAINT; Schema: public; Owner: postgres
--

ALTER TABLE ONLY public.cliente
    ADD CONSTRAINT cliente_pkey PRIMARY KEY (id);


--
-- TOC entry 3298 (class 2606 OID 16816)
-- Name: failed_jobs failed_jobs_pkey; Type: CONSTRAINT; Schema: public; Owner: postgres
--

ALTER TABLE ONLY public.failed_jobs
    ADD CONSTRAINT failed_jobs_pkey PRIMARY KEY (id);


--
-- TOC entry 3300 (class 2606 OID 16818)
-- Name: failed_jobs failed_jobs_uuid_unique; Type: CONSTRAINT; Schema: public; Owner: postgres
--

ALTER TABLE ONLY public.failed_jobs
    ADD CONSTRAINT failed_jobs_uuid_unique UNIQUE (uuid);


--
-- TOC entry 3284 (class 2606 OID 16690)
-- Name: item_venda item_venda_pkey; Type: CONSTRAINT; Schema: public; Owner: postgres
--

ALTER TABLE ONLY public.item_venda
    ADD CONSTRAINT item_venda_pkey PRIMARY KEY (id);


--
-- TOC entry 3290 (class 2606 OID 16788)
-- Name: migrations migrations_pkey; Type: CONSTRAINT; Schema: public; Owner: postgres
--

ALTER TABLE ONLY public.migrations
    ADD CONSTRAINT migrations_pkey PRIMARY KEY (id);


--
-- TOC entry 3278 (class 2606 OID 16409)
-- Name: noticia noticia_pkey; Type: CONSTRAINT; Schema: public; Owner: postgres
--

ALTER TABLE ONLY public.noticia
    ADD CONSTRAINT noticia_pkey PRIMARY KEY (id);


--
-- TOC entry 3296 (class 2606 OID 16806)
-- Name: password_reset_tokens password_reset_tokens_pkey; Type: CONSTRAINT; Schema: public; Owner: postgres
--

ALTER TABLE ONLY public.password_reset_tokens
    ADD CONSTRAINT password_reset_tokens_pkey PRIMARY KEY (email);


--
-- TOC entry 3302 (class 2606 OID 16827)
-- Name: personal_access_tokens personal_access_tokens_pkey; Type: CONSTRAINT; Schema: public; Owner: postgres
--

ALTER TABLE ONLY public.personal_access_tokens
    ADD CONSTRAINT personal_access_tokens_pkey PRIMARY KEY (id);


--
-- TOC entry 3304 (class 2606 OID 16830)
-- Name: personal_access_tokens personal_access_tokens_token_unique; Type: CONSTRAINT; Schema: public; Owner: postgres
--

ALTER TABLE ONLY public.personal_access_tokens
    ADD CONSTRAINT personal_access_tokens_token_unique UNIQUE (token);


--
-- TOC entry 3286 (class 2606 OID 16692)
-- Name: produto produto_pkey; Type: CONSTRAINT; Schema: public; Owner: postgres
--

ALTER TABLE ONLY public.produto
    ADD CONSTRAINT produto_pkey PRIMARY KEY (id);


--
-- TOC entry 3292 (class 2606 OID 16799)
-- Name: users users_email_unique; Type: CONSTRAINT; Schema: public; Owner: postgres
--

ALTER TABLE ONLY public.users
    ADD CONSTRAINT users_email_unique UNIQUE (email);


--
-- TOC entry 3294 (class 2606 OID 16797)
-- Name: users users_pkey; Type: CONSTRAINT; Schema: public; Owner: postgres
--

ALTER TABLE ONLY public.users
    ADD CONSTRAINT users_pkey PRIMARY KEY (id);


--
-- TOC entry 3280 (class 2606 OID 16411)
-- Name: usuario usuario_pkey; Type: CONSTRAINT; Schema: public; Owner: postgres
--

ALTER TABLE ONLY public.usuario
    ADD CONSTRAINT usuario_pkey PRIMARY KEY (id);


--
-- TOC entry 3288 (class 2606 OID 16694)
-- Name: venda venda_pkey; Type: CONSTRAINT; Schema: public; Owner: postgres
--

ALTER TABLE ONLY public.venda
    ADD CONSTRAINT venda_pkey PRIMARY KEY (id);


--
-- TOC entry 3305 (class 1259 OID 16828)
-- Name: personal_access_tokens_tokenable_type_tokenable_id_index; Type: INDEX; Schema: public; Owner: postgres
--

CREATE INDEX personal_access_tokens_tokenable_type_tokenable_id_index ON public.personal_access_tokens USING btree (tokenable_type, tokenable_id);


--
-- TOC entry 3306 (class 2606 OID 16695)
-- Name: item_venda fk_venda; Type: FK CONSTRAINT; Schema: public; Owner: postgres
--

ALTER TABLE ONLY public.item_venda
    ADD CONSTRAINT fk_venda FOREIGN KEY (venda_id) REFERENCES public.venda(id) ON DELETE CASCADE NOT VALID;


-- Completed on 2024-08-28 10:18:58 -04

--
-- PostgreSQL database dump complete
--

